year,calls
50,4.4
51,4.699999999999999
52,4.699999999999999
53,5.8999999999999995
54,6.6000000000000005
55,7.3
56,8.100000000000001
57,8.8
58,10.600000000000001
59,12.0
60,13.5
61,14.9
62,16.1
63,21.200000000000003
64,119.0
65,124.0
66,142.0
67,159.0
68,182.0
69,212.0
70,43.0
71,24.0
72,27.0
73,29.0
